{"pos": [0.0, 0.5], "radius": 4.5, "gamma": 2.2, "hits_per_tick": 200.0, "functions": [{"name": "Function 1", "prob": 0.33000001311302185, "colour": [0.9999847412109375, 0.0, 0.0], "pre_trans": [-0.26235294342041016, -1.0494117736816406, 1.0494117736816406, -0.26235294342041016, -7.152557657263969e-09, -0.04000000283122063], "post_trans": [0.5034606456756592, 0.9863572120666504, -0.9863572120666504, 0.5034606456756592, 0.6999999284744263, -0.3199999928474426], "variations": [{"name": "Spherical", "base": "RETURN(coord / radius2 * weight)", "internal_vars": [], "params": {"weight": 1.0}}]}, {"name": "Function 2", "prob": 0.3199999928474426, "colour": [0.0, 0.9999847412109375, 0.0], "pre_trans": [1.1626044511795044, -0.18541266024112701, 0.18541266024112701, 1.1626044511795044, -0.7799999713897705, -0.23999999463558197], "post_trans": [0.3360244333744049, 1.3864214420318604, -1.3864214420318604, 0.3360244333744049, 0.2800000011920929, 1.3200000524520874], "variations": [{"name": "Spherical", "base": "RETURN(coord / radius2 * weight)", "internal_vars": [], "params": {"weight": 1.0}}]}, {"name": "Function 3", "prob": 0.3199999928474426, "colour": [0.0, 0.0, 0.9999847412109375], "pre_trans": [0.235416978597641, -0.2881759703159332, -0.0995502844452858, 0.3699529469013214, -0.05999999865889549, -0.1599999964237213], "post_trans": [0.6727635264396667, 0.597061812877655, -0.597061812877655, 0.6727635264396667, -0.5200000405311584, -0.9200000166893005], "variations": [{"name": "Spherical", "base": "RETURN(coord / radius2 * weight)", "internal_vars": [], "params": {"weight": 1.0}}]}, {"name": "Function 4", "prob": 0.03999999910593033, "colour": [1.0, 1.0, 1.0], "pre_trans": [0.0912005677819252, 0.3692430555820465, -0.3692430555820465, 0.0912005677819252, -0.6599999666213989, -0.14000000059604645], "post_trans": [1.0, 0.0, 0.0, 1.0, 0.0, 0.0], "variations": [{"name": "Linear", "base": "RETURN(coord * weight)", "internal_vars": [], "params": {"weight": 1.0}}]}]}