{"pos": [0.0, 5.0], "radius": 6.0, "gamma": 2, "hits_per_tick": 200, "functions": [{"name": "Stem", "prob": 0.01, "colour": [1.0, 1.0, 1.0, 0.5], "pre_trans": [0.0, 0.0, 0.0, 0.1599999964237213, 0.0, 0.0], "post_trans": [1.0, 0.0, 0.0, 1.0, 0.0, 0.0], "variations": [{"name": "Linear", "base": "RETURN(coord * weight)", "params": {"weight": 1.0}, "images": {}}]}, {"name": "Riser", "prob": 0.85, "colour": [0.0, 0.9999847412109375, 0.0, 0.05], "pre_trans": [0.8500000238418579, -0.03999999910593033, 0.03999999910593033, 0.8500000238418579, 0.0, 1.600000023841858], "post_trans": [1.0, 0.0, 0.0, 1.0, 0.0, 0.0], "variations": [{"name": "Linear", "base": "RETURN(coord * weight)", "params": {"weight": 1.0}, "images": {}}]}, {"name": "Leaf 1", "prob": 0.07, "colour": [0.0, 0.0, 0.9999847412109375, 0.5], "pre_trans": [0.20000000298023224, 0.23000000417232513, -0.25999999046325684, 0.2199999988079071, 0.0, 1.600000023841858], "post_trans": [1.0, 0.0, 0.0, 1.0, 0.0, 0.0], "variations": [{"name": "Linear", "base": "RETURN(coord * weight)", "params": {"weight": 1.0}, "images": {}}]}, {"name": "Leaf 2", "prob": 0.07, "colour": [0.9999847412109375, 0.0, 0.0, 0.5], "pre_trans": [-0.15000000596046448, 0.25999999046325684, 0.2800000011920929, 0.23999999463558197, 0.0, 0.4399999976158142], "post_trans": [1.0, 0.0, 0.0, 1.0, 0.0, 0.0], "variations": [{"name": "Linear", "base": "RETURN(coord * weight)", "params": {"weight": 1.0}, "images": {}}]}]}