{"pos": [0.0, 0.5], "radius": 4.5, "gamma": 2.5, "hits_per_tick": 180.0, "functions": [{"name": "Function 1", "prob": 0.345, "colour": [0.1642435229752096, 0.9999999999999999, 0.5271904549131304, 0.5], "pre_trans": [0.5066, 0.5665, -0.5665, 0.5066, -0.845, -0.615], "post_trans": [1, 0, 0, 1, 0, 0], "variations": [{"name": "Spherical", "base": "RETURN(coord / radius2 * weight)", "params": {"weight": 1.0}, "images": {}}]}, {"name": "Function 2", "prob": 0.486, "colour": [1.0, 0.0, 0.13239119684317302, 0.5], "pre_trans": [0.9473, 0.4677, -0.4677, 0.9473, 0.2, -0.68], "post_trans": [1, 0, 0, 1, 0, 0], "variations": [{"name": "Bent", "base": "RETURN(vec2((coord.x >= 0) ? coord.x : coord.x*2, (coord.y >= 0) ? coord.y : coord.y*0.5) * weight)", "params": {"weight": 1.0}, "images": {}}]}, {"name": "Function 3", "prob": 0.169, "colour": [0.40371520600005606, 0.7359943988546346, 0.9999999999999999, 0.5], "pre_trans": [-0.0763, -0.9971, 0.9971, -0.0763, -0.02, -0.74], "post_trans": [0.9884, 0.1521, -0.1521, 0.9884, -0.8, 2.24], "variations": [{"name": "Power", "base": "RETURN(vec2(cos(theta), sin(theta)) * (pow(radius, sin(theta)) * weight))", "params": {"weight": 1.0}, "images": {}}]}]}