{"pos": [0.0, 0.0], "radius": 6.0, "gamma": 2.5, "hits_per_tick": 200.0, "functions": [{"name": "Function 1", "prob": 0.5299999713897705, "colour": [0.0, 0.9999847412109375, 0.0], "pre_trans": [0.09725839644670486, 0.5017648935317993, -0.5017648935317993, 0.09725839644670486, -0.13999998569488525, 1.899999976158142], "post_trans": [1.0, 0.0, 0.0, 1.0, 0.0, 0.0], "variations": [{"name": "Linear", "base": "RETURN(coord * weight)", "internal_vars": [], "params": {"weight": 1.0}}]}, {"name": "Function 2", "prob": 0.4699999988079071, "colour": [0.9999847412109375, 0.0, 0.0], "pre_trans": [0.5106388926506042, 0.4116131663322449, -0.19999994337558746, 0.3400000035762787, 0.2999999523162842, -0.8199999928474426], "post_trans": [1.2857831716537476, 1.8261847496032715, -2.201183319091797, 1.2179286479949951, -0.7400000095367432, -1.399999976158142], "variations": [{"name": "Spherical", "base": "RETURN(coord / radius2 * weight)", "internal_vars": [], "params": {"weight": 1.0}}]}]}