{"pos": [-1.0, 0.4], "radius": 6.0, "gamma": 2.3, "hits_per_tick": 200.0, "functions": [{"name": "Function 1", "prob": 0.619, "colour": [0.454672869796648, 1.0, 0.1135589259416181, 0.5], "pre_trans": [0.3274, 0.3001, -0.3001, 0.3274, -0.24, -0.34], "post_trans": [1, 0, 0, 1, 0, 0], "variations": [{"name": "Spherical", "base": "RETURN(coord / radius2 * weight)", "params": {"weight": 1.0}, "images": {}}]}, {"name": "Function 2", "prob": 0.381, "colour": [1.0, 0.2891945101193685, 0.5640226016959333, 0.5], "pre_trans": [0.3541, -0.5569, 0.5569, 0.3541, -0.18, 0.62], "post_trans": [1, 0, 0, 1, 0, 0], "variations": [{"name": "Linear", "base": "RETURN(coord * weight)", "params": {"weight": 1.0}, "images": {}}]}]}