{"pos": [-1.5, -0.5], "radius": 6.0, "gamma": 2.5, "hits_per_tick": 200.0, "functions": [{"name": "Function 1", "prob": 0.3970000147819519, "colour": [1.0, 0.0, 0.0], "pre_trans": [0.800000011920929, 0.0, 0.0, 0.800000011920929, 0.8199999928474426, -0.8799999952316284], "post_trans": [1.0, 0.0, 0.0, 1.0, 0.0, 0.0], "variations": [{"name": "Spherical", "base": "RETURN(coord / radius2 * weight)", "internal_vars": [], "params": {"weight": 1.0}}]}, {"name": "Function 2", "prob": 0.44999998807907104, "colour": [0.0, 1.0, 1.0], "pre_trans": [0.5600000023841858, 0.0, 0.0, 0.5600000023841858, -0.6600000262260437, 1.340000033378601], "post_trans": [1.0, 0.0, 0.0, 1.0, 0.0, 0.0], "variations": [{"name": "Linear", "base": "RETURN(coord * weight)", "internal_vars": [], "params": {"weight": 1.0}}]}, {"name": "Function 3", "prob": 0.15299999713897705, "colour": [1.0, 1.0, 1.0], "pre_trans": [-0.6338226199150085, 0.7734784483909607, -0.7734784483909607, -0.6338226199150085, -4.0, 1.0399999618530273], "post_trans": [1.0, 0.0, 0.0, 1.0, 0.0, 0.0], "variations": [{"name": "Linear", "base": "RETURN(coord * weight)", "internal_vars": [], "params": {"weight": 1.0}}]}]}